Designator,Val,Package,Mid X,Mid Y,Rotation,Layer
C1,0.1u,C_0603_1608Metric_Pad1.08x0.95mm_HandSolder,109.3735,176.53,0.0,top
C2,0.1u,C_0603_1608Metric_Pad1.08x0.95mm_HandSolder,113.4375,182.477999,180.0,top
C3,0.1u,C_0603_1608Metric_Pad1.08x0.95mm_HandSolder,109.5005,181.61,0.0,top
C4,33u,C_0603_1608Metric_Pad1.08x0.95mm_HandSolder,137.922,186.0285,90.0,top
C5,0.47u,C_0603_1608Metric_Pad1.08x0.95mm_HandSolder,137.922,189.8385,-90.0,top
C6,0.1u,C_0603_1608Metric_Pad1.08x0.95mm_HandSolder,259.588,166.4705,90.0,top
C7,100n,C_0603_1608Metric_Pad1.08x0.95mm_HandSolder,104.426,140.375,90.0,top
C8,100n,C_0603_1608Metric_Pad1.08x0.95mm_HandSolder,104.524,152.0995,90.0,top
C9,100n,C_0603_1608Metric_Pad1.08x0.95mm_HandSolder,116.728,152.2325,90.0,top
C10,33u,C_0603_1608Metric_Pad1.08x0.95mm_HandSolder,136.8055,161.036,0.0,top
C11,100n,C_0603_1608Metric_Pad1.08x0.95mm_HandSolder,116.728,140.2945,90.0,top
C12,0.47u,C_0603_1608Metric_Pad1.08x0.95mm_HandSolder,140.97,161.036,180.0,top
C13,100n,C_0603_1608Metric_Pad1.08x0.95mm_HandSolder,162.274,140.392,90.0,top
C14,100n,C_0603_1608Metric_Pad1.08x0.95mm_HandSolder,150.07,140.259,90.0,top
C15,0.1u,C_0603_1608Metric_Pad1.08x0.95mm_HandSolder,111.284,120.012,-90.0,top
C16,0.1u,C_0603_1608Metric_Pad1.08x0.95mm_HandSolder,111.792,132.813,90.0,top
C17,1u,C_0603_1608Metric_Pad1.08x0.95mm_HandSolder,113.316,132.813,90.0,top
C18,0.1u,C_0603_1608Metric_Pad1.08x0.95mm_HandSolder,115.614,130.781,90.0,top
C19,0.1u,C_0603_1608Metric_Pad1.08x0.95mm_HandSolder,114.6865,119.1495,0.0,top
C20,0.1uF,C_0603_1608Metric_Pad1.08x0.95mm_HandSolder,114.6865,122.1975,0.0,top
C21,1u,C_0603_1608Metric_Pad1.08x0.95mm_HandSolder,114.6865,120.6735,0.0,top
C22,1u,C_0603_1608Metric_Pad1.08x0.95mm_HandSolder,158.862,120.9725,90.0,top
C23,100n,C_0603_1608Metric_Pad1.08x0.95mm_HandSolder,149.972,128.5345,90.0,top
C24,0.1u,C_0603_1608Metric_Pad1.08x0.95mm_HandSolder,161.16,118.9405,90.0,top
C25,0.1u,C_0603_1608Metric_Pad1.08x0.95mm_HandSolder,157.338,120.9725,90.0,top
C26,100n,C_0603_1608Metric_Pad1.08x0.95mm_HandSolder,162.274,128.454,90.0,top
C27,0.1u,C_0603_1608Metric_Pad1.08x0.95mm_HandSolder,260.096,132.4345,90.0,top
C28,1nF,C_0603_1608Metric_Pad1.08x0.95mm_HandSolder,88.17,106.9575,-90.0,top
C29,1nF,C_0603_1608Metric_Pad1.08x0.95mm_HandSolder,102.276,106.953,90.0,top
C30,1uF,C_0603_1608Metric_Pad1.08x0.95mm_HandSolder,93.1675,113.6095,0.0,top
C31,1nF,C_0603_1608Metric_Pad1.08x0.95mm_HandSolder,96.18,107.0055,-90.0,top
C32,1nF,C_0603_1608Metric_Pad1.08x0.95mm_HandSolder,110.014,106.905,90.0,top
C33,1uF,C_0603_1608Metric_Pad1.08x0.95mm_HandSolder,108.9155,113.6095,0.0,top
C34,1uF,C_0603_1608Metric_Pad1.08x0.95mm_HandSolder,101.1775,113.6575,0.0,top
C35,1nF,C_0603_1608Metric_Pad1.08x0.95mm_HandSolder,103.918,106.9575,-90.0,top
C36,1nF,C_0603_1608Metric_Pad1.08x0.95mm_HandSolder,112.04,106.7035,-90.0,top
C37,1nF,C_0603_1608Metric_Pad1.08x0.95mm_HandSolder,94.266,106.905,90.0,top
C38,1nF,C_0603_1608Metric_Pad1.08x0.95mm_HandSolder,133.716,95.117,-90.0,top
C39,1nF,C_0603_1608Metric_Pad1.08x0.95mm_HandSolder,118.136,106.651,90.0,top
C40,1uF,C_0603_1608Metric_Pad1.08x0.95mm_HandSolder,138.7135,101.769,0.0,top
C41,1uF,C_0603_1608Metric_Pad1.08x0.95mm_HandSolder,117.0375,113.3555,0.0,top
C42,1nF,C_0603_1608Metric_Pad1.08x0.95mm_HandSolder,149.464,95.117,-90.0,top
C43,1nF,C_0603_1608Metric_Pad1.08x0.95mm_HandSolder,141.726,95.165,-90.0,top
C44,1nF,C_0603_1608Metric_Pad1.08x0.95mm_HandSolder,157.586,94.863,-90.0,top
C45,1nF,C_0603_1608Metric_Pad1.08x0.95mm_HandSolder,139.812,95.0645,90.0,top
C46,1nF,C_0603_1608Metric_Pad1.08x0.95mm_HandSolder,155.56,95.0645,90.0,top
C47,1u,C_0603_1608Metric_Pad1.08x0.95mm_HandSolder,160.2325,108.833,0.0,top
C48,1uF,C_0603_1608Metric_Pad1.08x0.95mm_HandSolder,162.5835,101.515,0.0,top
C49,1nF,C_0603_1608Metric_Pad1.08x0.95mm_HandSolder,147.822,95.1125,90.0,top
C50,1uF,C_0603_1608Metric_Pad1.08x0.95mm_HandSolder,154.4615,101.769,0.0,top
C51,1uF,C_0603_1608Metric_Pad1.08x0.95mm_HandSolder,146.7235,101.817,0.0,top
C52,1nF,C_0603_1608Metric_Pad1.08x0.95mm_HandSolder,163.682,94.8105,90.0,top
C53,0.1u,C_0603_1608Metric_Pad1.08x0.95mm_HandSolder,156.83,108.1715,-90.0,top
C54,0.1u,C_0603_1608Metric_Pad1.08x0.95mm_HandSolder,160.2325,107.309,0.0,top
C55,0.1uF,C_0603_1608Metric_Pad1.08x0.95mm_HandSolder,160.2325,110.357,0.0,top
C56,0.1u,C_0603_1608Metric_Pad1.08x0.95mm_HandSolder,261.366,97.9435,90.0,top
C57,100n,C_0603_1608Metric_Pad1.08x0.95mm_HandSolder,113.736095,74.978972,0.0,top
C58,100n,C_0603_1608Metric_Pad1.08x0.95mm_HandSolder,109.672095,67.766472,90.0,top
C59,100n,C_0603_1608Metric_Pad1.08x0.95mm_HandSolder,128.778,74.624652,0.0,top
C60,100n,C_0603_1608Metric_Pad1.08x0.95mm_HandSolder,124.799,67.5405,90.0,top
C61,0.1u,C_0603_1608Metric_Pad1.08x0.95mm_HandSolder,124.35812,177.65212,135.0,bottom
C62,0.1u,C_0603_1608Metric_Pad1.08x0.95mm_HandSolder,123.0895,186.644,0.0,bottom
C63,0.1u,C_0603_1608Metric_Pad1.08x0.95mm_HandSolder,102.87,179.0965,90.0,bottom
C64,1u,C_0603_1608Metric_Pad1.08x0.95mm_HandSolder,113.411,184.358,0.0,bottom
C65,0.1u,C_0603_1608Metric_Pad1.08x0.95mm_HandSolder,95.758,177.9005,90.0,bottom
C66,0.1u,C_0603_1608Metric_Pad1.08x0.95mm_HandSolder,113.411,187.406,0.0,bottom
C67,0.1u,C_0603_1608Metric_Pad1.08x0.95mm_HandSolder,113.411,185.882,0.0,bottom
C68,2.2u,C_0603_1608Metric_Pad1.08x0.95mm_HandSolder,201.24336,144.67812,45.0,bottom
C69,100n,C_0603_1608Metric_Pad1.08x0.95mm_HandSolder,214.85888,140.81788,135.0,bottom
C70,100n,C_0603_1608Metric_Pad1.08x0.95mm_HandSolder,199.16112,140.43688,45.0,bottom
C71,100n,C_0603_1608Metric_Pad1.08x0.95mm_HandSolder,205.66324,145.94674,90.0,bottom
C72,4.7u,C_0603_1608Metric_Pad1.08x0.95mm_HandSolder,207.6704,145.8987,90.0,bottom
C73,2.2u,C_0603_1608Metric_Pad1.08x0.95mm_HandSolder,222.68124,132.53636,135.0,bottom
C74,100n,C_0603_1608Metric_Pad1.08x0.95mm_HandSolder,224.56112,130.70812,135.0,bottom
C75,1u,C_0603_1608Metric_Pad1.08x0.95mm_HandSolder,219.22712,136.80412,135.0,bottom
C76,100n,C_0603_1608Metric_Pad1.08x0.95mm_HandSolder,219.329,118.11,225.0,bottom
C77,100n,C_0603_1608Metric_Pad1.08x0.95mm_HandSolder,195.91074,136.19424,315.0,bottom
C78,100n,C_0603_1608Metric_Pad1.08x0.95mm_HandSolder,215.392,115.697,225.0,bottom
C79,100n,C_0603_1608Metric_Pad1.08x0.95mm_HandSolder,196.95188,115.92588,270.0,bottom
C80,100n,C_0603_1608Metric_Pad1.08x0.95mm_HandSolder,190.98288,131.34312,225.0,bottom
C81,100n,C_0603_1608Metric_Pad1.08x0.95mm_HandSolder,192.86136,121.05612,45.0,bottom
C82,100n,C_0603_1608Metric_Pad1.08x0.95mm_HandSolder,187.88324,122.83274,270.0,bottom
C83,1u,C_0603_1608Metric_Pad1.08x0.95mm_HandSolder,189.66124,122.83274,270.0,bottom
C84,9p,C_0603_1608Metric_Pad1.08x0.95mm_HandSolder,187.62924,114.75774,270.0,bottom
C85,100n,C_0603_1608Metric_Pad1.08x0.95mm_HandSolder,209.169,110.2625,270.0,bottom
C86,9p,C_0603_1608Metric_Pad1.08x0.95mm_HandSolder,191.03174,111.55624,0.0,bottom
C87,0.1uF,C_0603_1608Metric_Pad1.08x0.95mm_HandSolder,160.5515,99.229,180.0,bottom
C88,10nF,C_0603_1608Metric_Pad1.08x0.95mm_HandSolder,160.6045,95.673,0.0,bottom
C89,0.1uF,C_0603_1608Metric_Pad1.08x0.95mm_HandSolder,152.4295,99.483,180.0,bottom
C90,10uF,C_0603_1608Metric_Pad1.08x0.95mm_HandSolder,152.4295,97.705,180.0,bottom
C91,10nF,C_0603_1608Metric_Pad1.08x0.95mm_HandSolder,144.7445,95.975,0.0,bottom
C92,0.1uF,C_0603_1608Metric_Pad1.08x0.95mm_HandSolder,144.6915,99.531,180.0,bottom
C93,10nF,C_0603_1608Metric_Pad1.08x0.95mm_HandSolder,152.4825,95.927,0.0,bottom
C94,10uF,C_0603_1608Metric_Pad1.08x0.95mm_HandSolder,144.6915,97.753,180.0,bottom
C95,10uF,C_0603_1608Metric_Pad1.08x0.95mm_HandSolder,160.5515,97.451,180.0,bottom
C96,0.1uF,C_0603_1608Metric_Pad1.08x0.95mm_HandSolder,115.0055,111.0695,180.0,bottom
C97,10uF,C_0603_1608Metric_Pad1.08x0.95mm_HandSolder,115.0055,109.2915,180.0,bottom
C98,10uF,C_0603_1608Metric_Pad1.08x0.95mm_HandSolder,136.6815,97.705,180.0,bottom
C99,10nF,C_0603_1608Metric_Pad1.08x0.95mm_HandSolder,115.0585,107.5135,0.0,bottom
C100,10nF,C_0603_1608Metric_Pad1.08x0.95mm_HandSolder,136.7345,95.927,0.0,bottom
C101,0.1uF,C_0603_1608Metric_Pad1.08x0.95mm_HandSolder,136.6815,99.483,180.0,bottom
C102,10nF,C_0603_1608Metric_Pad1.08x0.95mm_HandSolder,99.1985,107.8155,0.0,bottom
C103,10uF,C_0603_1608Metric_Pad1.08x0.95mm_HandSolder,99.1455,109.5935,180.0,bottom
C104,10uF,C_0603_1608Metric_Pad1.08x0.95mm_HandSolder,91.1355,109.5455,180.0,bottom
C105,10nF,C_0603_1608Metric_Pad1.08x0.95mm_HandSolder,106.9365,107.7675,0.0,bottom
C106,0.1uF,C_0603_1608Metric_Pad1.08x0.95mm_HandSolder,91.1355,111.3235,180.0,bottom
C107,10uF,C_0603_1608Metric_Pad1.08x0.95mm_HandSolder,106.8835,109.5455,180.0,bottom
C108,10nF,C_0603_1608Metric_Pad1.08x0.95mm_HandSolder,91.1885,107.7675,0.0,bottom
C109,0.1uF,C_0603_1608Metric_Pad1.08x0.95mm_HandSolder,99.1455,111.3715,180.0,bottom
C110,0.1uF,C_0603_1608Metric_Pad1.08x0.95mm_HandSolder,106.8835,111.3235,180.0,bottom
D1,33V,D_0805_2012Metric_Pad1.15x1.40mm_HandSolder,204.456001,193.332,-90.0,top
D2,33V,D_0805_2012Metric_Pad1.15x1.40mm_HandSolder,230.110001,193.585,-90.0,top
D3,33V,D_0805_2012Metric_Pad1.15x1.40mm_HandSolder,255.397,193.586,-90.0,top
D4,LED,LED_0805_2012Metric_Pad1.15x1.40mm_HandSolder,130.81,185.928,-90.0,top
D5,5V,SOT-23_Handsoldering,157.25,174.31,180.0,top
D6,LED,LED_0805_2012Metric_Pad1.15x1.40mm_HandSolder,184.15,174.235,90.0,top
D7,5V,SOT-23_Handsoldering,174.982,174.244,180.0,top
D8,LED,LED_0805_2012Metric_Pad1.15x1.40mm_HandSolder,165.608,174.235,90.0,top
D9,5V,SOT-23_Handsoldering,208.090003,188.539,-90.0,top
D10,5V,SOT-23_Handsoldering,233.744003,188.792,-90.0,top
D11,LED,LED_0805_2012Metric_Pad1.15x1.40mm_HandSolder,219.1765,167.353,180.0,top
D12,5V,SOT-23_Handsoldering,259.031002,188.793,-90.0,top
D13,SD36_SOD323,D_SOD-323_HandSoldering,105.696,145.0775,-90.0,top
D14,SD36_SOD323,D_SOD-323_HandSoldering,105.794,156.802,-90.0,top
D15,SD36_SOD323,D_SOD-323_HandSoldering,117.998,144.997,-90.0,top
D16,SD36_SOD323,D_SOD-323_HandSoldering,117.998,156.935,-90.0,top
D17,SD36_SOD323,D_SOD-323_HandSoldering,163.544,145.0945,-90.0,top
D18,SD36_SOD323,D_SOD-323_HandSoldering,151.34,144.9615,-90.0,top
D19,LED,LED_0805_2012Metric_Pad1.15x1.40mm_HandSolder,219.1765,164.432,180.0,top
D20,SD36_SOD323,D_SOD-323_HandSoldering,163.544,133.1565,-90.0,top
D21,SD36_SOD323,D_SOD-323_HandSoldering,151.242,133.237,-90.0,top
D22,LED,LED_0805_2012Metric_Pad1.15x1.40mm_HandSolder,212.734,93.98,180.0,top
D23,LED,LED_0805_2012Metric_Pad1.15x1.40mm_HandSolder,212.7465,97.495,180.0,top
D24,33V,D_0805_2012Metric_Pad1.15x1.40mm_HandSolder,158.242,68.081,90.0,top
D25,5V,SOT-23_Handsoldering,154.607999,72.874,90.0,top
D26,5V,SOT-23_Handsoldering,178.656999,72.9065,90.0,top
D27,33V,D_0805_2012Metric_Pad1.15x1.40mm_HandSolder,182.291,68.1135,90.0,top
D28,5V,SOT-23_Handsoldering,202.786999,72.9065,90.0,top
D29,33V,D_0805_2012Metric_Pad1.15x1.40mm_HandSolder,206.421,68.1135,90.0,top
D30,33V,D_0805_2012Metric_Pad1.15x1.40mm_HandSolder,230.391999,68.08,90.0,top
D31,5V,SOT-23_Handsoldering,226.757998,72.873,90.0,top
D32,33V,D_0805_2012Metric_Pad1.15x1.40mm_HandSolder,254.381,68.0895,90.0,top
D33,5V,SOT-23_Handsoldering,250.746999,72.8825,90.0,top
F1,Fuse,3557-2,161.036,188.083,90.0,top
F2,Fuse,3557-2,179.07,188.2465,90.0,top
F3,1.75 A; 350 mA; 16V ,Fuse_0805_2012Metric_Pad1.15x1.40mm_HandSolder,133.604,156.972,-90.0,top
F4,90 mA; 30 mA; 36V,Fuse_0805_2012Metric_Pad1.15x1.40mm_HandSolder,92.518,120.6645,-90.0,top
F5,90 mA; 30 mA; 36V,Fuse_0805_2012Metric_Pad1.15x1.40mm_HandSolder,92.488,132.6505,-90.0,top
F6,90 mA; 30 mA; 36V,Fuse_0805_2012Metric_Pad1.15x1.40mm_HandSolder,102.678,120.662,-90.0,top
F7,90 mA; 30 mA; 36V,Fuse_0805_2012Metric_Pad1.15x1.40mm_HandSolder,102.648,132.6115,-90.0,top
F8,90 mA; 30 mA; 36V,Fuse_0805_2012Metric_Pad1.15x1.40mm_HandSolder,138.034,120.81,-90.0,top
F9,90 mA; 30 mA; 36V,Fuse_0805_2012Metric_Pad1.15x1.40mm_HandSolder,148.194,120.771,-90.0,top
F10,90 mA; 30 mA; 36V,Fuse_0805_2012Metric_Pad1.15x1.40mm_HandSolder,138.064,108.824,-90.0,top
F11,90 mA; 30 mA; 36V,Fuse_0805_2012Metric_Pad1.15x1.40mm_HandSolder,148.224,108.8215,-90.0,top
FB1,FerriteBead,L_0805_2012Metric_Pad1.15x1.40mm_HandSolder,136.915,196.215,180.0,top
FB2,FerriteBead,L_0805_2012Metric_Pad1.15x1.40mm_HandSolder,185.59724,122.99524,270.0,bottom
J1,Conn_01x02,"PhoenixContact_MSTBA_2,5_2-G-5,08_1x02_P5.08mm_Horizontal",161.29,203.9945,180.0,top
J2,Conn_01x02,"PhoenixContact_MSTBA_2,5_2-G-5,08_1x02_P5.08mm_Horizontal",179.578,203.9945,180.0,top
J3,Conn_01x04,"PhoenixContact_MSTBA_2,5_4-G-5,08_1x04_P5.08mm_Horizontal",203.694001,203.7875,180.0,top
J4,Conn_01x04,"PhoenixContact_MSTBA_2,5_4-G-5,08_1x04_P5.08mm_Horizontal",229.348001,204.0405,180.0,top
J5,Conn_01x04,"PhoenixContact_MSTBA_2,5_4-G-5,08_1x04_P5.08mm_Horizontal",254.635,204.0415,180.0,top
J6,ARJM11A1-009-AB-EW2,ARJM11A1-009-AB-EW2_ABR,94.5769,177.70475,-90.0,top
J7,Conn_ST_STDC14,PinHeader_2x07_P1.27mm_Vertical_SMD,205.232,166.96,-90.0,top
J8,Conn_01x02,PinHeader_1x02_P2.54mm_Vertical,191.77,167.645,0.0,top
J9,Conn_01x04,JST_GH_BM04B-GHS-TBT_1x04-1MP_P1.25mm_Vertical,111.03,154.3705,-90.0,top
J10,Conn_01x04,JST_GH_BM04B-GHS-TBT_1x04-1MP_P1.25mm_Vertical,110.932,142.646,-90.0,top
J11,Conn_01x04,JST_GH_BM04B-GHS-TBT_1x04-1MP_P1.25mm_Vertical,123.234,142.5655,-90.0,top
J12,Conn_01x04,JST_GH_BM04B-GHS-TBT_1x04-1MP_P1.25mm_Vertical,123.234,154.5035,-90.0,top
J13,Conn_01x04,JST_GH_BM04B-GHS-TBT_1x04-1MP_P1.25mm_Vertical,156.576,142.53,-90.0,top
J14,Conn_01x04,JST_GH_BM04B-GHS-TBT_1x04-1MP_P1.25mm_Vertical,168.78,142.663,-90.0,top
J15,Conn_01x04,"PhoenixContact_MSTBA_2,5_4-G-5,08_1x04_P5.08mm_Horizontal",277.622,157.48,90.0,top
J16,Conn_01x04,JST_GH_BM04B-GHS-TBT_1x04-1MP_P1.25mm_Vertical,87.98,135.661,90.0,top
J17,Conn_01x04,JST_GH_BM04B-GHS-TBT_1x04-1MP_P1.25mm_Vertical,88.01,123.8665,90.0,top
J18,Conn_01x04,JST_GH_BM04B-GHS-TBT_1x04-1MP_P1.25mm_Vertical,98.17,123.6725,90.0,top
J19,Conn_01x04,JST_GH_BM04B-GHS-TBT_1x04-1MP_P1.25mm_Vertical,98.14,135.622,90.0,top
J20,Conn_01x04,JST_GH_BM04B-GHS-TBT_1x04-1MP_P1.25mm_Vertical,133.526,123.8205,90.0,top
J21,Conn_01x04,JST_GH_BM04B-GHS-TBT_1x04-1MP_P1.25mm_Vertical,156.478,130.8055,-90.0,top
J22,Conn_01x04,JST_GH_BM04B-GHS-TBT_1x04-1MP_P1.25mm_Vertical,143.686,123.7815,90.0,top
J23,Conn_01x04,JST_GH_BM04B-GHS-TBT_1x04-1MP_P1.25mm_Vertical,168.78,130.725,-90.0,top
J24,Conn_01x04,"PhoenixContact_MSTBA_2,5_4-G-5,08_1x04_P5.08mm_Horizontal",277.6545,123.19,90.0,top
J25,Conn_01x04,JST_GH_BM04B-GHS-TBT_1x04-1MP_P1.25mm_Vertical,133.556,112.026,90.0,top
J26,Conn_01x04,JST_GH_BM04B-GHS-TBT_1x04-1MP_P1.25mm_Vertical,143.716,111.832,90.0,top
J27,Conn_01x02,PinHeader_1x02_P2.54mm_Vertical,115.316,62.489,0.0,top
J28,Conn_01x04,"PhoenixContact_MSTBA_2,5_4-G-5,08_1x04_P5.08mm_Horizontal",277.6545,87.63,90.0,top
J29,Conn_01x04,JST_GH_BM04B-GHS-TBT_1x04-1MP_P1.25mm_Vertical,113.441,54.438,180.0,top
J30,Conn_01x04,JST_GH_BM04B-GHS-TBT_1x04-1MP_P1.25mm_Vertical,128.863,54.232,180.0,top
J31,Conn_01x02,PinHeader_1x02_P2.54mm_Vertical,130.556,61.981,0.0,top
J32,Conn_01x04,"PhoenixContact_MSTBA_2,5_4-G-5,08_1x04_P5.08mm_Horizontal",159.004,57.6255,0.0,top
J33,Conn_01x04,"PhoenixContact_MSTBA_2,5_4-G-5,08_1x04_P5.08mm_Horizontal",183.053,57.658,0.0,top
J34,Conn_01x04,"PhoenixContact_MSTBA_2,5_4-G-5,08_1x04_P5.08mm_Horizontal",207.183,57.658,0.0,top
J35,Conn_01x04,"PhoenixContact_MSTBA_2,5_4-G-5,08_1x04_P5.08mm_Horizontal",231.153999,57.6245,0.0,top
J36,Conn_01x04,"PhoenixContact_MSTBA_2,5_4-G-5,08_1x04_P5.08mm_Horizontal",255.143,57.634,0.0,top
R1,100k,R_0603_1608Metric_Pad0.98x0.95mm_HandSolder,100.6875,201.93,0.0,top
R2,1k,R_0603_1608Metric_Pad0.98x0.95mm_HandSolder,212.257503,190.571,0.0,top
R3,100k,R_0603_1608Metric_Pad0.98x0.95mm_HandSolder,202.170001,193.1905,-90.0,top
R4,1k,R_0603_1608Metric_Pad0.98x0.95mm_HandSolder,237.911503,190.824,0.0,top
R5,100k,R_0603_1608Metric_Pad0.98x0.95mm_HandSolder,227.824001,193.4435,-90.0,top
R6,1k,R_0603_1608Metric_Pad0.98x0.95mm_HandSolder,263.198502,190.825,0.0,top
R7,100k,R_0603_1608Metric_Pad0.98x0.95mm_HandSolder,253.111,193.4445,-90.0,top
R8,100k,R_0603_1608Metric_Pad0.98x0.95mm_HandSolder,276.86,192.8895,-90.0,top
R9,275,R_0603_1608Metric_Pad0.98x0.95mm_HandSolder,88.138,165.608,-90.0,top
R10,275,R_0603_1608Metric_Pad0.98x0.95mm_HandSolder,88.138,189.484,90.0,top
R11,500,R_0603_1608Metric_Pad0.98x0.95mm_HandSolder,130.81,189.62,-90.0,top
R12,2.4k,R_0603_1608Metric_Pad0.98x0.95mm_HandSolder,161.29,174.3475,90.0,top
R13,10k,R_0603_1608Metric_Pad0.98x0.95mm_HandSolder,162.814,174.3945,-90.0,top
R14,2k,R_0603_1608Metric_Pad0.98x0.95mm_HandSolder,186.925,173.99,-90.0,top
R15,10k,R_0603_1608Metric_Pad0.98x0.95mm_HandSolder,180.848,174.3945,-90.0,top
R16,1.1k,R_0603_1608Metric_Pad0.98x0.95mm_HandSolder,178.816,174.3475,90.0,top
R17,2k,R_0603_1608Metric_Pad0.98x0.95mm_HandSolder,168.148,174.0935,-90.0,top
R18,2k,R_0603_1608Metric_Pad0.98x0.95mm_HandSolder,215.632001,189.6345,90.0,top
R19,825,R_0603_1608Metric_Pad0.98x0.95mm_HandSolder,212.304503,188.793,180.0,top
R20,500,R_0603_1608Metric_Pad0.98x0.95mm_HandSolder,223.1155,167.378,180.0,top
R21,2k,R_0603_1608Metric_Pad0.98x0.95mm_HandSolder,241.286001,189.8875,90.0,top
R22,825,R_0603_1608Metric_Pad0.98x0.95mm_HandSolder,237.958503,189.046,180.0,top
R23,2k,R_0603_1608Metric_Pad0.98x0.95mm_HandSolder,266.573,189.8885,90.0,top
R24,825,R_0603_1608Metric_Pad0.98x0.95mm_HandSolder,263.245502,189.047,180.0,top
R25,1k,R_0603_1608Metric_Pad0.98x0.95mm_HandSolder,106.458,140.375,-90.0,top
R26,1k,R_0603_1608Metric_Pad0.98x0.95mm_HandSolder,106.556,152.0995,-90.0,top
R27,1k,R_0603_1608Metric_Pad0.98x0.95mm_HandSolder,118.76,140.2945,-90.0,top
R28,1k,R_0603_1608Metric_Pad0.98x0.95mm_HandSolder,118.76,152.2325,-90.0,top
R29,1k,R_0603_1608Metric_Pad0.98x0.95mm_HandSolder,164.306,140.392,-90.0,top
R30,1k,R_0603_1608Metric_Pad0.98x0.95mm_HandSolder,152.102,140.259,-90.0,top
R31,10k,R_0603_1608Metric_Pad0.98x0.95mm_HandSolder,201.5725,160.274,180.0,top
R32,10k,R_0603_1608Metric_Pad0.98x0.95mm_HandSolder,192.6775,163.322,180.0,top
R33,500,R_0603_1608Metric_Pad0.98x0.95mm_HandSolder,223.1155,164.465,180.0,top
R34,4.7k,R_0603_1608Metric_Pad0.98x0.95mm_HandSolder,258.4685,163.068,180.0,top
R35,4.7k,R_0603_1608Metric_Pad0.98x0.95mm_HandSolder,250.698,163.068,0.0,top
R36,1k,R_0603_1608Metric_Pad0.98x0.95mm_HandSolder,164.306,128.454,-90.0,top
R37,1k,R_0603_1608Metric_Pad0.98x0.95mm_HandSolder,152.004,128.5345,-90.0,top
R38,10k,R_0603_1608Metric_Pad0.98x0.95mm_HandSolder,100.38,106.9395,90.0,top
R39,100k,R_0603_1608Metric_Pad0.98x0.95mm_HandSolder,89.6145,113.6095,180.0,top
R40,10k,R_0603_1608Metric_Pad0.98x0.95mm_HandSolder,98.094,106.9395,90.0,top
R41,10k,R_0603_1608Metric_Pad0.98x0.95mm_HandSolder,113.954,106.6375,90.0,top
R42,10k,R_0603_1608Metric_Pad0.98x0.95mm_HandSolder,108.118,106.8915,90.0,top
R43,100k,R_0603_1608Metric_Pad0.98x0.95mm_HandSolder,97.6245,113.6575,180.0,top
R44,10k,R_0603_1608Metric_Pad0.98x0.95mm_HandSolder,92.37,106.8915,90.0,top
R45,10k,R_0603_1608Metric_Pad0.98x0.95mm_HandSolder,105.832,106.8915,90.0,top
R46,100k,R_0603_1608Metric_Pad0.98x0.95mm_HandSolder,113.4845,113.3555,180.0,top
R47,10k,R_0603_1608Metric_Pad0.98x0.95mm_HandSolder,90.084,106.8915,90.0,top
R48,100k,R_0603_1608Metric_Pad0.98x0.95mm_HandSolder,105.3625,113.6095,180.0,top
R49,10k,R_0603_1608Metric_Pad0.98x0.95mm_HandSolder,116.24,106.6375,90.0,top
R50,100k,R_0603_1608Metric_Pad0.98x0.95mm_HandSolder,135.1605,101.769,180.0,top
R51,10k,R_0603_1608Metric_Pad0.98x0.95mm_HandSolder,135.63,95.051,90.0,top
R52,10k,R_0603_1608Metric_Pad0.98x0.95mm_HandSolder,137.916,95.051,90.0,top
R53,10k,R_0603_1608Metric_Pad0.98x0.95mm_HandSolder,145.926,95.099,90.0,top
R54,100k,R_0603_1608Metric_Pad0.98x0.95mm_HandSolder,159.0305,101.515,180.0,top
R55,100k,R_0603_1608Metric_Pad0.98x0.95mm_HandSolder,150.9085,101.769,180.0,top
R56,10k,R_0603_1608Metric_Pad0.98x0.95mm_HandSolder,153.664,95.051,90.0,top
R57,10k,R_0603_1608Metric_Pad0.98x0.95mm_HandSolder,143.64,95.099,90.0,top
R58,10k,R_0603_1608Metric_Pad0.98x0.95mm_HandSolder,159.5,94.797,90.0,top
R59,10k,R_0603_1608Metric_Pad0.98x0.95mm_HandSolder,161.786,94.797,90.0,top
R60,100k,R_0603_1608Metric_Pad0.98x0.95mm_HandSolder,143.1705,101.817,180.0,top
R61,10k,R_0603_1608Metric_Pad0.98x0.95mm_HandSolder,151.378,95.051,90.0,top
R62,500,R_0603_1608Metric_Pad0.98x0.95mm_HandSolder,216.6855,97.536,180.0,top
R63,500,R_0603_1608Metric_Pad0.98x0.95mm_HandSolder,216.673,94.029,180.0,top
R64,120,R_0603_1608Metric_Pad0.98x0.95mm_HandSolder,111.7365,63.627,180.0,top
R65,100k,R_0603_1608Metric_Pad0.98x0.95mm_HandSolder,91.44,67.2065,90.0,top
R66,100k,R_0603_1608Metric_Pad0.98x0.95mm_HandSolder,160.528,68.2225,90.0,top
R67,825,R_0603_1608Metric_Pad0.98x0.95mm_HandSolder,150.393499,72.62,0.0,top
R68,1k,R_0603_1608Metric_Pad0.98x0.95mm_HandSolder,150.440499,70.842,180.0,top
R69,2k,R_0603_1608Metric_Pad0.98x0.95mm_HandSolder,147.066,71.7785,-90.0,top
R70,1k,R_0603_1608Metric_Pad0.98x0.95mm_HandSolder,174.489499,70.8745,180.0,top
R71,2k,R_0603_1608Metric_Pad0.98x0.95mm_HandSolder,171.115,71.811,-90.0,top
R72,825,R_0603_1608Metric_Pad0.98x0.95mm_HandSolder,174.442499,72.6525,0.0,top
R73,100k,R_0603_1608Metric_Pad0.98x0.95mm_HandSolder,184.577,68.255,90.0,top
R74,1k,R_0603_1608Metric_Pad0.98x0.95mm_HandSolder,198.619499,70.8745,180.0,top
R75,2k,R_0603_1608Metric_Pad0.98x0.95mm_HandSolder,195.245,71.811,-90.0,top
R76,100k,R_0603_1608Metric_Pad0.98x0.95mm_HandSolder,208.707,68.255,90.0,top
R77,825,R_0603_1608Metric_Pad0.98x0.95mm_HandSolder,198.572499,72.6525,0.0,top
R78,825,R_0603_1608Metric_Pad0.98x0.95mm_HandSolder,222.543498,72.619,0.0,top
R79,2k,R_0603_1608Metric_Pad0.98x0.95mm_HandSolder,219.215999,71.7775,-90.0,top
R80,100k,R_0603_1608Metric_Pad0.98x0.95mm_HandSolder,232.677999,68.2215,90.0,top
R81,1k,R_0603_1608Metric_Pad0.98x0.95mm_HandSolder,222.590498,70.841,180.0,top
R82,825,R_0603_1608Metric_Pad0.98x0.95mm_HandSolder,246.532499,72.6285,0.0,top
R83,1k,R_0603_1608Metric_Pad0.98x0.95mm_HandSolder,246.579499,70.8505,180.0,top
R84,2k,R_0603_1608Metric_Pad0.98x0.95mm_HandSolder,243.205,71.787,-90.0,top
R85,100k,R_0603_1608Metric_Pad0.98x0.95mm_HandSolder,256.667,68.231,90.0,top
R86,100k,R_0603_1608Metric_Pad0.98x0.95mm_HandSolder,276.86,67.2065,90.0,top
R87,120,R_0603_1608Metric_Pad0.98x0.95mm_HandSolder,126.8965,62.484,180.0,top
R88,4.87k,R_0603_1608Metric_Pad0.98x0.95mm_HandSolder,116.713,188.932499,90.0,bottom
R89,1.5k,R_0603_1608Metric_Pad0.98x0.95mm_HandSolder,119.38,190.3505,270.0,bottom
R90,2.2k,R_0603_1608Metric_Pad0.98x0.95mm_HandSolder,126.2615,184.717999,0.0,bottom
R91,49.9,R_0603_1608Metric_Pad0.98x0.95mm_HandSolder,109.4975,180.34,180.0,bottom
R92,49.9,R_0603_1608Metric_Pad0.98x0.95mm_HandSolder,109.4975,182.88,0.0,bottom
R93,49.9,R_0603_1608Metric_Pad0.98x0.95mm_HandSolder,109.4505,175.26,180.0,bottom
R94,49.9,R_0603_1608Metric_Pad0.98x0.95mm_HandSolder,109.4505,177.8,0.0,bottom
R95,1M,R_0603_1608Metric_Pad0.98x0.95mm_HandSolder,144.9485,92.673,180.0,bottom
R96,1M,R_0603_1608Metric_Pad0.98x0.95mm_HandSolder,152.6865,92.625,180.0,bottom
R97,1M,R_0603_1608Metric_Pad0.98x0.95mm_HandSolder,160.8085,92.371,180.0,bottom
R98,1M,R_0603_1608Metric_Pad0.98x0.95mm_HandSolder,115.2625,104.2115,180.0,bottom
R99,1M,R_0603_1608Metric_Pad0.98x0.95mm_HandSolder,136.9385,92.625,180.0,bottom
R100,1M,R_0603_1608Metric_Pad0.98x0.95mm_HandSolder,107.1405,104.4655,180.0,bottom
R101,1M,R_0603_1608Metric_Pad0.98x0.95mm_HandSolder,99.4025,104.5135,180.0,bottom
R102,1M,R_0603_1608Metric_Pad0.98x0.95mm_HandSolder,91.3925,104.4655,180.0,bottom
R103,100k,R_0603_1608Metric_Pad0.98x0.95mm_HandSolder,115.9125,89.0,180.0,top
R104,100k,R_0603_1608Metric_Pad0.98x0.95mm_HandSolder,197.9125,187.0,0.0,top
TC1,Thermocouple_Alt,JST_GH_BM02B-GHS-TBT_1x02-1MP_P1.25mm_Vertical,99.299,101.8015,180.0,top
TC2,Thermocouple_Alt,JST_GH_BM02B-GHS-TBT_1x02-1MP_P1.25mm_Vertical,91.289,101.7535,180.0,top
TC3,Thermocouple_Alt,JST_GH_BM02B-GHS-TBT_1x02-1MP_P1.25mm_Vertical,107.037,101.7535,180.0,top
TC4,Thermocouple_Alt,JST_GH_BM02B-GHS-TBT_1x02-1MP_P1.25mm_Vertical,115.159,101.4995,180.0,top
TC5,Thermocouple_Alt,JST_GH_BM02B-GHS-TBT_1x02-1MP_P1.25mm_Vertical,136.835,89.913,180.0,top
TC6,Thermocouple_Alt,JST_GH_BM02B-GHS-TBT_1x02-1MP_P1.25mm_Vertical,152.583,89.913,180.0,top
TC7,Thermocouple_Alt,JST_GH_BM02B-GHS-TBT_1x02-1MP_P1.25mm_Vertical,144.845,89.961,180.0,top
TC8,Thermocouple_Alt,JST_GH_BM02B-GHS-TBT_1x02-1MP_P1.25mm_Vertical,160.705,89.659,180.0,top
U1,Generic Switching Reg,generic_regulator,138.43,203.835,180.0,top
U2,BTS6143D,TO-252-4,213.346001,197.175,0.0,top
U3,BTS6143D,TO-252-4,239.000001,197.428,0.0,top
U4,BTS6143D,TO-252-4,264.287,197.429,0.0,top
U5,LM3940IMPX-3.3/NOPB,SOT-223,143.764,187.96,0.0,top
U6,74LS06,SOIC-14_3.9x8.7mm_P1.27mm,221.234,176.53,0.0,top
U7,INA260,TSSOP-16_4.4x5mm_P0.65mm,254.5185,167.689,0.0,top
U8,LM2940IMPX-12/NOPB,DCY0004A_N,138.924,154.834,-90.0,top
U9,Pololu 36v4 Breakout,pololu,249.936,162.306,0.0,top
U10,AD4111BCPZ,AD4111BCPZ_ADI,110.759999,126.997302,90.0,top
U11,AD4111BCPZ,AD4111BCPZ_ADI,156.305999,115.156802,90.0,top
U12,Pololu 36v4 Breakout,pololu,249.936,128.016,0.0,top
U13,INA260,TSSOP-16_4.4x5mm_P0.65mm,254.254,133.805,0.0,top
U14,AD8495,MSOP-8_3x3mm_P0.65mm,107.102,110.5615,180.0,top
U15,AD8495,MSOP-8_3x3mm_P0.65mm,99.364,110.6095,180.0,top
U16,AD8495,MSOP-8_3x3mm_P0.65mm,91.354,110.5615,180.0,top
U17,AD8495,MSOP-8_3x3mm_P0.65mm,115.224,110.3075,180.0,top
U18,AD8495,MSOP-8_3x3mm_P0.65mm,136.9,98.721,180.0,top
U19,AD8495,MSOP-8_3x3mm_P0.65mm,152.648,98.721,180.0,top
U20,AD8495,MSOP-8_3x3mm_P0.65mm,160.77,98.467,180.0,top
U21,AD8495,MSOP-8_3x3mm_P0.65mm,144.91,98.769,180.0,top
U22,INA260,TSSOP-16_4.4x5mm_P0.65mm,256.3545,99.071,0.0,top
U23,Pololu 36v4 Breakout,pololu,249.936,93.218,0.0,top
U24,TJA1462AT/0Z,SO8_SOT96-1_NXP,113.736095,69.898972,-90.0,top
U25,TJA1462AT/0Z,SO8_SOT96-1_NXP,128.863,69.544652,-90.0,top
U26,BTS6143D,TO-252-4,149.352,64.238,180.0,top
U27,BTS6143D,TO-252-4,173.401,64.2705,180.0,top
U28,74LS06,SOIC-14_3.9x8.7mm_P1.27mm,214.884,85.852,0.0,top
U29,BTS6143D,TO-252-4,197.531,64.2705,180.0,top
U30,BTS6143D,TO-252-4,221.501999,64.237,180.0,top
U31,BTS6143D,TO-252-4,245.491,64.2465,180.0,top
U32,DP83848KSQ/NOPB,RTA40,120.015,182.177999,90.0,bottom
U33,STM32H723ZGTx,LQFP-144_20x20mm_P0.5mm,206.785776,127.544756,135.0,bottom
Y1,50MHz,Crystal_SMD_EuroQuartz_X22-4Pin_2.5x2.0mm_HandSoldering,191.10124,114.77024,0.0,bottom
